{
  "project_info": {
    "project_number": "691045416288",
    "firebase_url": "https://tictactoe-78a5c.firebaseio.com",
    "project_id": "tictactoe-78a5c",
    "storage_bucket": "tictactoe-78a5c.appspot.com"
  },
  "client": [
    {
      "client_info": {
        "mobilesdk_app_id": "1:691045416288:android:5843efb40284e041",
        "android_client_info": {
          "package_name": "tictactoe.unal.edu.co.tictactoe"
        }
      },
      "oauth_client": [
        {
          "client_id": "691045416288-kes96eulsa3kmo8fph5r2bpdftlu2f9g.apps.googleusercontent.com",
          "client_type": 1,
          "android_info": {
            "package_name": "tictactoe.unal.edu.co.tictactoe",
            "certificate_hash": "cbd1e85ca389d4778cece075ac27fb61692d7bf8"
          }
        },
        {
          "client_id": "691045416288-3can97boohkn967fr4ab6nsto3oeli2t.apps.googleusercontent.com",
          "client_type": 3
        }
      ],
      "api_key": [
        {
          "current_key": "AIzaSyCcjp-elZVeOF2fPVxt9kFugM5hdxGIxyA"
        }
      ],
      "services": {
        "analytics_service": {
          "status": 1
        },
        "appinvite_service": {
          "status": 2,
          "other_platform_oauth_client": [
            {
              "client_id": "691045416288-3can97boohkn967fr4ab6nsto3oeli2t.apps.googleusercontent.com",
              "client_type": 3
            }
          ]
        },
        "ads_service": {
          "status": 2
        }
      }
    }
  ],
  "configuration_version": "1"
}